{"stats":{"minecraft:used":{"minecraft:creeper_spawn_egg":1,"minecraft:netherite_sword":14,"minecraft:allay_spawn_egg":1,"minecraft:grass_block":1},"minecraft:picked_up":{"minecraft:leather":2},"minecraft:killed":{"minecraft:horse":1,"minecraft:creeper":1},"minecraft:custom":{"minecraft:jump":5,"minecraft:time_since_rest":24878,"minecraft:damage_dealt":1025,"minecraft:play_time":24878,"minecraft:leave_game":5,"minecraft:sprint_one_cm":388,"minecraft:time_since_death":24878,"minecraft:walk_one_cm":785,"minecraft:sneak_time":130,"minecraft:total_world_time":24878,"minecraft:mob_kills":2,"minecraft:drop":1,"minecraft:fly_one_cm":42669},"minecraft:dropped":{"minecraft:leather":2}},"DataVersion":3463}