{"stats":{"minecraft:used":{"minecraft:creeper_spawn_egg":1,"minecraft:netherite_sword":10,"minecraft:allay_spawn_egg":1},"minecraft:killed":{"minecraft:creeper":1},"minecraft:custom":{"minecraft:jump":5,"minecraft:time_since_rest":12878,"minecraft:damage_dealt":725,"minecraft:play_time":12878,"minecraft:leave_game":5,"minecraft:sprint_one_cm":388,"minecraft:time_since_death":12878,"minecraft:walk_one_cm":785,"minecraft:sneak_time":99,"minecraft:total_world_time":12878,"minecraft:mob_kills":1,"minecraft:fly_one_cm":28624}},"DataVersion":3463}